1,receipt,mcocr_public_145013ddcph.jpg
2,receipt,mcocr_public_145013fxcgs.jpg
3,receipt,mcocr_public_145013clltn.jpg
4,receipt,mcocr_public_145013tmibr.jpg
5,receipt,mcocr_public_145013kgypr.jpg
6,receipt,mcocr_public_145013cixex.jpg
7,receipt,mcocr_public_145013qxxxo.jpg
8,receipt,mcocr_public_145013eknsk.jpg
9,receipt,mcocr_public_145013kzjew.jpg
10,receipt,mcocr_public_145013jechb.jpg
11,receipt,mcocr_public_145013dhzmu.jpg
12,receipt,mcocr_public_145013tumhj.jpg
13,receipt,mcocr_public_145013xbegl.jpg
14,receipt,mcocr_public_145013vxrqg.jpg
15,receipt,mcocr_public_145013zftfo.jpg
16,receipt,mcocr_public_145013vullg.jpg
17,receipt,mcocr_public_145013nvoah.jpg
18,receipt,mcocr_public_145013pbggg.jpg
19,receipt,mcocr_public_145013eygxv.jpg
20,receipt,mcocr_public_145013qwmeo.jpg
21,receipt,mcocr_public_145013pedoz.jpg
22,receipt,mcocr_public_145013rtwyd.jpg
23,receipt,mcocr_public_145013jzyzz.jpg
24,receipt,mcocr_public_145013sbulh.jpg
25,receipt,mcocr_public_145013pvwgq.jpg
26,receipt,mcocr_public_145013imsqw.jpg
27,receipt,mcocr_public_145013apigo.jpg
28,receipt,mcocr_public_145013vmzzn.jpg
29,receipt,mcocr_public_145013rrmow.jpg
30,receipt,mcocr_public_145013dwbmu.jpg
31,receipt,mcocr_public_145013eyjmn.jpg
32,receipt,mcocr_public_145013mbytl.jpg
33,receipt,mcocr_public_145013fcovi.jpg
34,receipt,mcocr_public_145013lmjqa.jpg
35,receipt,mcocr_public_145013arxqp.jpg
36,receipt,mcocr_public_145013crqqo.jpg
37,receipt,mcocr_public_145013lbslf.jpg
38,receipt,mcocr_public_145013sbvwi.jpg
39,receipt,mcocr_public_145013hopjk.jpg
40,receipt,mcocr_public_145013euvfm.jpg
41,receipt,mcocr_public_145013jjaqc.jpg
42,receipt,mcocr_public_145013zpvng.jpg
43,receipt,mcocr_public_145013hfchp.jpg
44,receipt,mcocr_public_145013auohz.jpg
45,receipt,mcocr_public_145013aisfu.jpg
46,receipt,mcocr_public_145013tlipr.jpg
47,receipt,mcocr_public_145013atnil.jpg
48,receipt,mcocr_public_145013jyghf.jpg
49,receipt,mcocr_public_145013ypdox.jpg
50,receipt,mcocr_public_145013aukcu.jpg
51,receipt,mcocr_public_145013qbpjw.jpg
52,receipt,mcocr_public_145013ebiff.jpg
53,receipt,mcocr_public_145013hewxu.jpg
54,receipt,mcocr_public_145013cxgot.jpg
55,receipt,mcocr_public_145013aqosh.jpg
56,receipt,mcocr_public_145013aaprl.jpg
57,receipt,mcocr_public_145013aeriv.jpg
58,receipt,mcocr_public_145013qikxs.jpg
59,receipt,mcocr_public_145013jyzhp.jpg
60,receipt,mcocr_public_145013dfzcb.jpg
61,receipt,mcocr_public_145013vnlnm.jpg
62,receipt,mcocr_public_145013dxysa.jpg
63,receipt,mcocr_public_145013bybgv.jpg
64,receipt,mcocr_public_145013qrpce.jpg
65,receipt,mcocr_public_145013zcscc.jpg
66,receipt,mcocr_public_145013vviou.jpg
67,receipt,mcocr_public_145013nwksx.jpg
68,receipt,mcocr_public_145013yhzdy.jpg
69,receipt,mcocr_public_145013hzddg.jpg
70,receipt,mcocr_public_145013fibim.jpg
71,receipt,mcocr_public_145013fonbk.jpg
72,receipt,mcocr_public_145013udktj.jpg
73,receipt,mcocr_public_145013iblsz.jpg
74,receipt,mcocr_public_145013sqona.jpg
75,receipt,mcocr_public_145013ahfqj.jpg
76,receipt,mcocr_public_145013uixud.jpg
77,receipt,mcocr_public_145013utfgs.jpg
78,receipt,mcocr_public_145013cnknh.jpg
79,receipt,mcocr_public_145013chgcz.jpg
80,receipt,mcocr_public_145013ogxhv.jpg
81,receipt,mcocr_public_145013bomoz.jpg
82,receipt,mcocr_public_145013bkcgv.jpg
83,receipt,mcocr_public_145013wkuuf.jpg
84,receipt,mcocr_public_145013wjnhn.jpg
85,receipt,mcocr_public_145013oxnpr.jpg
86,receipt,mcocr_public_145013bykuv.jpg
87,receipt,mcocr_public_145013itpoe.jpg
88,receipt,mcocr_public_145013kfxqd.jpg
89,receipt,mcocr_public_145013alybg.jpg
90,receipt,mcocr_public_145013idjei.jpg
91,receipt,mcocr_public_145013satyz.jpg
92,receipt,mcocr_public_145013pzwfd.jpg
93,receipt,mcocr_public_145013jtjmc.jpg
94,receipt,mcocr_public_145013tgayt.jpg
95,receipt,mcocr_public_145013tifph.jpg
96,receipt,mcocr_public_145013bfddt.jpg
97,receipt,mcocr_public_145013rmrji.jpg
98,receipt,mcocr_public_145013kokcl.jpg
99,receipt,mcocr_public_145013fkkfr.jpg
100,receipt,mcocr_public_145013zpqsi.jpg
101,receipt,mcocr_public_145013yavpz.jpg
102,receipt,mcocr_public_145013rttzk.jpg
103,receipt,mcocr_public_145013pkqci.jpg
104,receipt,mcocr_public_145013iesjs.jpg
105,receipt,mcocr_public_145013crsoa.jpg
106,receipt,mcocr_public_145013cuztb.jpg
107,receipt,mcocr_public_145013qmuqc.jpg
108,receipt,mcocr_public_145013zlljn.jpg
109,receipt,mcocr_public_145013vcpta.jpg
110,receipt,mcocr_public_145013nwbcg.jpg
111,receipt,mcocr_public_145013sommy.jpg
112,receipt,mcocr_public_145013wraxn.jpg
113,receipt,mcocr_public_145013eicdg.jpg
114,receipt,mcocr_public_145013nbiie.jpg
115,receipt,mcocr_public_145013dylla.jpg
116,receipt,mcocr_public_145013hvjbj.jpg
117,receipt,mcocr_public_145013ycbtn.jpg
118,receipt,mcocr_public_145013jcwbe.jpg
119,receipt,mcocr_public_145013pqnzb.jpg
120,receipt,mcocr_public_145013vpqnu.jpg
121,receipt,mcocr_public_145013dxngu.jpg
122,receipt,mcocr_public_145013inxnt.jpg
123,receipt,mcocr_public_145013tcvim.jpg
124,receipt,mcocr_public_145013ifdaj.jpg
125,receipt,mcocr_public_145013cuilp.jpg
126,receipt,mcocr_public_145013wokiq.jpg
127,receipt,mcocr_public_145013esetg.jpg
128,receipt,mcocr_public_145013fiibr.jpg
129,receipt,mcocr_public_145013snoxg.jpg
130,receipt,mcocr_public_145013mmpgk.jpg
131,receipt,mcocr_public_145013iurdz.jpg
132,receipt,mcocr_public_145013dtobm.jpg
133,receipt,mcocr_public_145013ckcsv.jpg
134,receipt,mcocr_public_145013unjxn.jpg
135,receipt,mcocr_public_145013kqcxc.jpg
136,receipt,mcocr_public_145013ibbrd.jpg
137,receipt,mcocr_public_145013adyee.jpg
138,receipt,mcocr_public_145013borvc.jpg
139,receipt,mcocr_public_145013qlpau.jpg
140,receipt,mcocr_public_145013zridb.jpg
141,receipt,mcocr_public_145013xtskr.jpg
142,receipt,mcocr_public_145013sagoy.jpg
143,receipt,mcocr_public_145013dhnii.jpg
144,receipt,mcocr_public_145013kwwha.jpg
145,receipt,mcocr_public_145013plnfr.jpg
146,receipt,mcocr_public_145013hrtto.jpg
147,receipt,mcocr_public_145013zykbw.jpg
148,receipt,mcocr_public_145013bajyy.jpg
149,receipt,mcocr_public_145013goyhg.jpg
150,receipt,mcocr_public_145013ozjnr.jpg
151,receipt,mcocr_public_145013uexmk.jpg
152,receipt,mcocr_public_145013tljfn.jpg
153,receipt,mcocr_public_145013giwqv.jpg
154,receipt,mcocr_public_145013anmiz.jpg
155,receipt,mcocr_public_145013cawuf.jpg
156,receipt,mcocr_public_145013idboz.jpg
157,receipt,mcocr_public_145013sxjox.jpg
158,receipt,mcocr_public_145013wgrej.jpg
159,receipt,mcocr_public_145013hgrpn.jpg
160,receipt,mcocr_public_145013wuprd.jpg
161,receipt,mcocr_public_145013xyaln.jpg
162,receipt,mcocr_public_145013wrunk.jpg
163,receipt,mcocr_public_145013dsaix.jpg
164,receipt,mcocr_public_145013iadlw.jpg
165,receipt,mcocr_public_145013wwkrv.jpg
166,receipt,mcocr_public_145013qvyzw.jpg
167,receipt,mcocr_public_145013fskld.jpg
168,receipt,mcocr_public_145013vbjnr.jpg
169,receipt,mcocr_public_145013rywqy.jpg
170,receipt,mcocr_public_145013ywvkx.jpg
171,receipt,mcocr_public_145013eituj.jpg
172,receipt,mcocr_public_145013tffpu.jpg
173,receipt,mcocr_public_145013cleap.jpg
174,receipt,mcocr_public_145013azaup.jpg
175,receipt,mcocr_public_145013alpyf.jpg
176,receipt,mcocr_public_145013isfbd.jpg
177,receipt,mcocr_public_145013bldqx.jpg
178,receipt,mcocr_public_145013amzul.jpg
179,receipt,mcocr_public_145013ywtjf.jpg
180,receipt,mcocr_public_145013kaedt.jpg
181,receipt,mcocr_public_145013gklzz.jpg
182,receipt,mcocr_public_145013kbhkb.jpg
183,receipt,mcocr_public_145013dxavh.jpg
184,receipt,mcocr_public_145013blbqm.jpg
185,receipt,mcocr_public_145013mwqpu.jpg
186,receipt,mcocr_public_145013lukaj.jpg
187,receipt,mcocr_public_145013guoun.jpg
188,receipt,mcocr_public_145013puwmb.jpg
189,receipt,mcocr_public_145013qqkij.jpg
190,receipt,mcocr_public_145013tnlbk.jpg
191,receipt,mcocr_public_145013imbop.jpg
192,receipt,mcocr_public_145013iijxa.jpg
193,receipt,mcocr_public_145013sscqf.jpg
194,receipt,mcocr_public_145013byufi.jpg
195,receipt,mcocr_public_145013wacye.jpg
196,receipt,mcocr_public_145013lkqkg.jpg
197,receipt,mcocr_public_145013skwtp.jpg
198,receipt,mcocr_public_145013cdjax.jpg
199,receipt,mcocr_public_145013mwcaz.jpg
200,receipt,mcocr_public_145013mylmw.jpg
201,receipt,mcocr_public_145013rhwvu.jpg
202,receipt,mcocr_public_145013xzsri.jpg
203,receipt,mcocr_public_145013cuwqi.jpg
204,receipt,mcocr_public_145013ckwpd.jpg
205,receipt,mcocr_public_145013ufbki.jpg
206,receipt,mcocr_public_145013gguch.jpg
207,receipt,mcocr_public_145013uwdpy.jpg
208,receipt,mcocr_public_145013coalz.jpg
209,receipt,mcocr_public_145013zufms.jpg
210,receipt,mcocr_public_145013nsnnh.jpg
211,receipt,mcocr_public_145013wdcqs.jpg
212,receipt,mcocr_public_145013vtqrc.jpg
213,receipt,mcocr_public_145013bxoir.jpg
214,receipt,mcocr_public_145013ramij.jpg
215,receipt,mcocr_public_145013vmxho.jpg
216,receipt,mcocr_public_145013xafsi.jpg
217,receipt,mcocr_public_145013ndqdl.jpg
218,receipt,mcocr_public_145013zguhy.jpg
219,receipt,mcocr_public_145013ecfzg.jpg
220,receipt,mcocr_public_145013cxtop.jpg
221,receipt,mcocr_public_145013fctzg.jpg
222,receipt,mcocr_public_145013gxbkt.jpg
223,receipt,mcocr_public_145013acjke.jpg
224,receipt,mcocr_public_145013kacze.jpg
225,receipt,mcocr_public_145013kwckq.jpg
226,receipt,mcocr_public_145013yinzr.jpg
227,receipt,mcocr_public_145013xczvp.jpg
228,receipt,mcocr_public_145013cxcei.jpg
229,receipt,mcocr_public_145013niqeq.jpg
230,receipt,mcocr_public_145013ilier.jpg
231,receipt,mcocr_public_145013zhiwi.jpg
232,receipt,mcocr_public_145013xzfut.jpg
233,receipt,mcocr_public_145013djwis.jpg
234,receipt,mcocr_public_145013pnbza.jpg
235,receipt,mcocr_public_145013fybvq.jpg
236,receipt,mcocr_public_145013crgek.jpg
237,receipt,mcocr_public_145013rcioe.jpg
238,receipt,mcocr_public_145013bcovr.jpg
239,receipt,mcocr_public_145013bdnvs.jpg
240,receipt,mcocr_public_145013zrrly.jpg
241,receipt,mcocr_public_145013yjpdv.jpg
242,receipt,mcocr_public_145013seqfm.jpg
243,receipt,mcocr_public_145013vfius.jpg
244,receipt,mcocr_public_145013waefm.jpg
245,receipt,mcocr_public_145013awcbh.jpg
246,receipt,mcocr_public_145013nnlba.jpg
247,receipt,mcocr_public_145013jgdys.jpg
248,receipt,mcocr_public_145013sihqk.jpg
249,receipt,mcocr_public_145013dcdmv.jpg
250,receipt,mcocr_public_145013joykg.jpg
251,receipt,mcocr_public_145013rqfec.jpg
252,receipt,mcocr_public_145013nfkiq.jpg
253,receipt,mcocr_public_145013kyyit.jpg
254,receipt,mcocr_public_145013avtwc.jpg
255,receipt,mcocr_public_145013wdwok.jpg
256,receipt,mcocr_public_145013njyzj.jpg
257,receipt,mcocr_public_145013iulwh.jpg
258,receipt,mcocr_public_145013ihpxr.jpg
259,receipt,mcocr_public_145013atlmq.jpg
260,receipt,mcocr_public_145013tupze.jpg
261,receipt,mcocr_public_145013qujjw.jpg
262,receipt,mcocr_public_145013vilkn.jpg
263,receipt,mcocr_public_145013bpcpt.jpg
264,receipt,mcocr_public_145013cgpoh.jpg
265,receipt,mcocr_public_145013dkgbh.jpg
266,receipt,mcocr_public_145013bgfxq.jpg
267,receipt,mcocr_public_145013lkpwc.jpg
268,receipt,mcocr_public_145013aqeha.jpg
269,receipt,mcocr_public_145013aedmq.jpg
270,receipt,mcocr_public_145013emvhs.jpg
271,receipt,mcocr_public_145013haeps.jpg
272,receipt,mcocr_public_145013rfcrv.jpg
273,receipt,mcocr_public_145013fwuow.jpg
274,receipt,mcocr_public_145013ohrly.jpg
275,receipt,mcocr_public_145013kgaqa.jpg
276,receipt,mcocr_public_145013eekwk.jpg
277,receipt,mcocr_public_145013nnxlz.jpg
278,receipt,mcocr_public_145013egffi.jpg
279,receipt,mcocr_public_145013tmshn.jpg
280,receipt,mcocr_public_145013itqit.jpg
281,receipt,mcocr_public_145013blmgu.jpg
282,receipt,mcocr_public_145013shecj.jpg
283,receipt,mcocr_public_145013vgvpe.jpg
284,receipt,mcocr_public_145013famty.jpg
285,receipt,mcocr_public_145013tafca.jpg
286,receipt,mcocr_public_145013ipoka.jpg
287,receipt,mcocr_public_145013cqpwh.jpg
288,receipt,mcocr_public_145013msokr.jpg
289,receipt,mcocr_public_145013clfsp.jpg
290,receipt,mcocr_public_145013cllbf.jpg
291,receipt,mcocr_public_145013lkorp.jpg
292,receipt,mcocr_public_145013otqcx.jpg
293,receipt,mcocr_public_145013pytgf.jpg
294,receipt,mcocr_public_145013scuxn.jpg
295,receipt,mcocr_public_145013mqmzy.jpg
296,receipt,mcocr_public_145013laizk.jpg
297,receipt,mcocr_public_145013mfogg.jpg
298,receipt,mcocr_public_145013qiyft.jpg
299,receipt,mcocr_public_145013lxunp.jpg
300,receipt,mcocr_public_145013lmhud.jpg
301,receipt,mcocr_public_145013fomil.jpg
302,receipt,mcocr_public_145013yewns.jpg
303,receipt,mcocr_public_145013yqmqe.jpg
304,receipt,mcocr_public_145013qigez.jpg
305,receipt,mcocr_public_145013nwgha.jpg
306,receipt,mcocr_public_145013doybn.jpg
307,receipt,mcocr_public_145013ngzwi.jpg
308,receipt,mcocr_public_145013rnpjm.jpg
309,receipt,mcocr_public_145013qeejy.jpg
310,receipt,mcocr_public_145013mctzs.jpg
311,receipt,mcocr_public_145013dnwxv.jpg
312,receipt,mcocr_public_145013wjlkq.jpg
313,receipt,mcocr_public_145013sqwxo.jpg
314,receipt,mcocr_public_145013geohx.jpg
315,receipt,mcocr_public_145013luuro.jpg
316,receipt,mcocr_public_145013tvyce.jpg
317,receipt,mcocr_public_145013uomce.jpg
318,receipt,mcocr_public_145013xaojq.jpg
319,receipt,mcocr_public_145013lxdbt.jpg
320,receipt,mcocr_public_145013cezfv.jpg
321,receipt,mcocr_public_145013dcqda.jpg
322,receipt,mcocr_public_145013nsktd.jpg
323,receipt,mcocr_public_145013lrksq.jpg
324,receipt,mcocr_public_145013njeuf.jpg
325,receipt,mcocr_public_145013ptdjx.jpg
326,receipt,mcocr_public_145013ogvmp.jpg
327,receipt,mcocr_public_145013yzczt.jpg
328,receipt,mcocr_public_145013drlui.jpg
329,receipt,mcocr_public_145013bvmvl.jpg
330,receipt,mcocr_public_145013iyqnr.jpg
331,receipt,mcocr_public_145013bchvc.jpg
332,receipt,mcocr_public_145013ckejs.jpg
333,receipt,mcocr_public_145013syjan.jpg
334,receipt,mcocr_public_145013jhxzq.jpg
335,receipt,mcocr_public_145013jwjnj.jpg
336,receipt,mcocr_public_145013lisnd.jpg
337,receipt,mcocr_public_145013bjvsn.jpg
338,receipt,mcocr_public_145013egelf.jpg
339,receipt,mcocr_public_145013zcfau.jpg
340,receipt,mcocr_public_145013shcxo.jpg
341,receipt,mcocr_public_145013lplfx.jpg
342,receipt,mcocr_public_145013mzyyu.jpg
343,receipt,mcocr_public_145013wrrom.jpg
344,receipt,mcocr_public_145013otehh.jpg
345,receipt,mcocr_public_145013shpih.jpg
346,receipt,mcocr_public_145013fpcxy.jpg
347,receipt,mcocr_public_145013ezyfw.jpg
348,receipt,mcocr_public_145013geoih.jpg
349,receipt,mcocr_public_145013aagqw.jpg
350,receipt,mcocr_public_145013qvqeu.jpg
351,receipt,mcocr_public_145013laiap.jpg
352,receipt,mcocr_public_145013bynnh.jpg
353,receipt,mcocr_public_145013rtjsr.jpg
354,receipt,mcocr_public_145013moepq.jpg
355,receipt,mcocr_public_145013lozjt.jpg
356,receipt,mcocr_public_145013dkfnl.jpg
357,receipt,mcocr_public_145013srvjw.jpg
358,receipt,mcocr_public_145013onyrj.jpg
359,receipt,mcocr_public_145013nkpao.jpg
360,receipt,mcocr_public_145013jiksh.jpg
361,receipt,mcocr_public_145013ykdsv.jpg
362,receipt,mcocr_public_145013cmeru.jpg
363,receipt,mcocr_public_145013hfxkr.jpg
364,receipt,mcocr_public_145013bsywa.jpg
365,receipt,mcocr_public_145013cgpey.jpg
366,receipt,mcocr_public_145013kcxya.jpg
367,receipt,mcocr_public_145013itmvi.jpg
368,receipt,mcocr_public_145013rpxpi.jpg
369,receipt,mcocr_public_145014rdhuo.jpg
370,receipt,mcocr_public_145014luapg.jpg
371,receipt,mcocr_public_145014cmdbw.jpg
372,receipt,mcocr_public_145014nymps.jpg
373,receipt,mcocr_public_145014enjwd.jpg
374,receipt,mcocr_public_145014maadf.jpg
375,receipt,mcocr_public_145014hexbx.jpg
376,receipt,mcocr_public_145014mgasx.jpg
377,receipt,mcocr_public_145014kncdk.jpg
378,receipt,mcocr_public_145014shmit.jpg
379,receipt,mcocr_public_145014knafb.jpg
380,receipt,mcocr_public_145014qodwj.jpg
381,receipt,mcocr_public_145014ynigt.jpg
382,receipt,mcocr_public_145014wpplc.jpg
383,receipt,mcocr_public_145014ansoe.jpg
384,receipt,mcocr_public_145014iwlls.jpg
385,receipt,mcocr_public_145014paioy.jpg
386,receipt,mcocr_public_145014ltwth.jpg
387,receipt,mcocr_public_145014iwkki.jpg
388,receipt,mcocr_public_145014cfwkp.jpg
389,receipt,mcocr_public_145014caxiq.jpg
390,receipt,mcocr_public_145014mxcxa.jpg
391,receipt,mcocr_public_145014zkxjr.jpg
392,receipt,mcocr_public_145014fzozs.jpg
393,receipt,mcocr_public_145014udqjt.jpg
394,receipt,mcocr_public_145014nxeuq.jpg
395,receipt,mcocr_public_145014mvpzk.jpg
396,receipt,mcocr_public_145014ekpfi.jpg
397,receipt,mcocr_public_145014mdljs.jpg
398,receipt,mcocr_public_145014xbjfb.jpg
399,receipt,mcocr_public_145014oqflg.jpg
400,receipt,mcocr_public_145014wkmws.jpg
401,receipt,mcocr_public_145014lesir.jpg
402,receipt,mcocr_public_145014tkdal.jpg
403,receipt,mcocr_public_145014evnmr.jpg
404,receipt,mcocr_public_145014hngsl.jpg
405,receipt,mcocr_public_145014pbtzz.jpg
406,receipt,mcocr_public_145014wpnpe.jpg
407,receipt,mcocr_public_145014wcjoc.jpg
408,receipt,mcocr_public_145014qjkba.jpg
409,receipt,mcocr_public_145014obtof.jpg
410,receipt,mcocr_public_145014fbixi.jpg
411,receipt,mcocr_public_145014kyxew.jpg
412,receipt,mcocr_public_145014zibrj.jpg
413,receipt,mcocr_public_145014orfyr.jpg
414,receipt,mcocr_public_145014apodg.jpg
415,receipt,mcocr_public_145014wplip.jpg
416,receipt,mcocr_public_145014yjivr.jpg
417,receipt,mcocr_public_145014pnuud.jpg
418,receipt,mcocr_public_145014dnwoz.jpg
419,receipt,mcocr_public_145014kupdx.jpg
420,receipt,mcocr_public_145014upely.jpg
421,receipt,mcocr_public_145014lopme.jpg
422,receipt,mcocr_public_145014evpom.jpg
423,receipt,mcocr_public_145014ofrbt.jpg
424,receipt,mcocr_public_145014cbkkn.jpg
425,receipt,mcocr_public_145014ppfqq.jpg
426,receipt,mcocr_public_145014woqkn.jpg
427,receipt,mcocr_public_145014gjtjf.jpg
428,receipt,mcocr_public_145014ecchz.jpg
429,receipt,mcocr_public_145014giqwv.jpg
430,receipt,mcocr_public_145014zdfgy.jpg
431,receipt,mcocr_public_145014zzzej.jpg
432,receipt,mcocr_public_145014nsrnp.jpg
433,receipt,mcocr_public_145014miikd.jpg
434,receipt,mcocr_public_145014lshmg.jpg
435,receipt,mcocr_public_145014wcltx.jpg
436,receipt,mcocr_public_145014umhqi.jpg
437,receipt,mcocr_public_145014phmqt.jpg
438,receipt,mcocr_public_145014fvnus.jpg
439,receipt,mcocr_public_145014ztmap.jpg
440,receipt,mcocr_public_145014wyctr.jpg
441,receipt,mcocr_public_145014jvifr.jpg
442,receipt,mcocr_public_145014wbfza.jpg
443,receipt,mcocr_public_145014ugcvq.jpg
444,receipt,mcocr_public_145014uqhki.jpg
445,receipt,mcocr_public_145014evbnu.jpg
446,receipt,mcocr_public_145014lfctk.jpg
447,receipt,mcocr_public_145014yrxvd.jpg
448,receipt,mcocr_public_145014jcwux.jpg
449,receipt,mcocr_public_145014rzbtj.jpg
450,receipt,mcocr_public_145014itwqb.jpg
451,receipt,mcocr_public_145014emqom.jpg
452,receipt,mcocr_public_145014wcrlk.jpg
453,receipt,mcocr_public_145014uagtj.jpg
454,receipt,mcocr_public_145014gkura.jpg
455,receipt,mcocr_public_145014pvsrm.jpg
456,receipt,mcocr_public_145014tobyw.jpg
457,receipt,mcocr_public_145014lrken.jpg
458,receipt,mcocr_public_145014yiufn.jpg
459,receipt,mcocr_public_145014uzdqt.jpg
460,receipt,mcocr_public_145014awwfw.jpg
461,receipt,mcocr_public_145014nwfmm.jpg
462,receipt,mcocr_public_145014wdzrp.jpg
463,receipt,mcocr_public_145014xdtdp.jpg
464,receipt,mcocr_public_145014jgtbj.jpg
465,receipt,mcocr_public_145014pevvt.jpg
466,receipt,mcocr_public_145014mudmu.jpg
467,receipt,mcocr_public_145014nerzt.jpg
468,receipt,mcocr_public_145014hdevu.jpg
469,receipt,mcocr_public_145014armln.jpg
470,receipt,mcocr_public_145014enllh.jpg
471,receipt,mcocr_public_145014ohtbh.jpg
472,receipt,mcocr_public_145014xzfyh.jpg
473,receipt,mcocr_public_145014fiydd.jpg
474,receipt,mcocr_public_145014hpdwx.jpg
475,receipt,mcocr_public_145014cfgjy.jpg
476,receipt,mcocr_public_145014uilmf.jpg
477,receipt,mcocr_public_145014xubtk.jpg
478,receipt,mcocr_public_145014orisb.jpg
479,receipt,mcocr_public_145014vtqgy.jpg
480,receipt,mcocr_public_145014kplqb.jpg
481,receipt,mcocr_public_145014ytzcj.jpg
482,receipt,mcocr_public_145014fhbos.jpg
483,receipt,mcocr_public_145014sprsy.jpg
484,receipt,mcocr_public_145014dhiru.jpg
485,receipt,mcocr_public_145014ofcbe.jpg
486,receipt,mcocr_public_145014tetea.jpg
487,receipt,mcocr_public_145014cqsoz.jpg
488,receipt,mcocr_public_145014xsppi.jpg
489,receipt,mcocr_public_145014lmarv.jpg
490,receipt,mcocr_public_145014zorzw.jpg
491,receipt,mcocr_public_145014mtbhi.jpg
492,receipt,mcocr_public_145014nsqiz.jpg
493,receipt,mcocr_public_145014ayyud.jpg
494,receipt,mcocr_public_145014khrvg.jpg
495,receipt,mcocr_public_145014hngaw.jpg
496,receipt,mcocr_public_145014dztik.jpg
497,receipt,mcocr_public_145014ccyis.jpg
498,receipt,mcocr_public_145014zuarq.jpg
499,receipt,mcocr_public_145014esieu.jpg
500,receipt,mcocr_public_145014mjfti.jpg
501,receipt,mcocr_public_145014irkqn.jpg
502,receipt,mcocr_public_145014vyosv.jpg
503,receipt,mcocr_public_145014aixgf.jpg
504,receipt,mcocr_public_145014rmhwd.jpg
505,receipt,mcocr_public_145014jpzwu.jpg
506,receipt,mcocr_public_145014xaqvy.jpg
507,receipt,mcocr_public_145014qcxwq.jpg
508,receipt,mcocr_public_145014iqlqw.jpg
509,receipt,mcocr_public_145014fgfzb.jpg
510,receipt,mcocr_public_145014sqltv.jpg
511,receipt,mcocr_public_145014xkuxu.jpg
512,receipt,mcocr_public_145014zxdlo.jpg
513,receipt,mcocr_public_145014fbeqa.jpg
514,receipt,mcocr_public_145014noddg.jpg
515,receipt,mcocr_public_145014wvxfq.jpg
516,receipt,mcocr_public_145014jcmch.jpg
517,receipt,mcocr_public_145014xgpwb.jpg
518,receipt,mcocr_public_145014iueod.jpg
519,receipt,mcocr_public_145014eilwc.jpg
520,receipt,mcocr_public_145014xxdza.jpg
521,receipt,mcocr_public_145014nmqkb.jpg
522,receipt,mcocr_public_145014wgimk.jpg
523,receipt,mcocr_public_145014bzkaq.jpg
524,receipt,mcocr_public_145014mnwrz.jpg
525,receipt,mcocr_public_145014ywtoy.jpg
526,receipt,mcocr_public_145014odboi.jpg
527,receipt,mcocr_public_145014aecqi.jpg
528,receipt,mcocr_public_145014pmcli.jpg
529,receipt,mcocr_public_145014wrzex.jpg
530,receipt,mcocr_public_145014jfyvi.jpg
531,receipt,mcocr_public_145014izcur.jpg
532,receipt,mcocr_public_145014cnkgs.jpg
533,receipt,mcocr_public_145014ebrwa.jpg
534,receipt,mcocr_public_145014zvjqh.jpg
535,receipt,mcocr_public_145014elcju.jpg
536,receipt,mcocr_public_145014ljxit.jpg
537,receipt,mcocr_public_145014bpeci.jpg
538,receipt,mcocr_public_145014lukeo.jpg
539,receipt,mcocr_public_145014ncpxq.jpg
540,receipt,mcocr_public_145014glqgm.jpg
541,receipt,mcocr_public_145014jfoxg.jpg
542,receipt,mcocr_public_145014lcffb.jpg
543,receipt,mcocr_public_145014hwaqw.jpg
544,receipt,mcocr_public_145014xpucl.jpg
545,receipt,mcocr_public_145014wmrqi.jpg
546,receipt,mcocr_public_145014ewdtv.jpg
547,receipt,mcocr_public_145014yphuv.jpg
548,receipt,mcocr_public_145014ldvxl.jpg
549,receipt,mcocr_public_145014wbhzq.jpg
550,receipt,mcocr_public_145014etlhn.jpg
551,receipt,mcocr_public_145014bxkli.jpg
552,receipt,mcocr_public_145014kxqtn.jpg
553,receipt,mcocr_public_145014xtcll.jpg
554,receipt,mcocr_public_145014zxrle.jpg
555,receipt,mcocr_public_145014qrfai.jpg
556,receipt,mcocr_public_145014vizbq.jpg
557,receipt,mcocr_public_145014hrvjc.jpg
558,receipt,mcocr_public_145014ndurw.jpg
559,receipt,mcocr_public_145014wkdkh.jpg
560,receipt,mcocr_public_145014nkquo.jpg
561,receipt,mcocr_public_145014gflyd.jpg
562,receipt,mcocr_public_145014hbjul.jpg
563,receipt,mcocr_public_145014muzpf.jpg
564,receipt,mcocr_public_145014ikibc.jpg
565,receipt,mcocr_public_145014uqaoc.jpg
566,receipt,mcocr_public_145014mfmvh.jpg
567,receipt,mcocr_public_145014gvogn.jpg
568,receipt,mcocr_public_145014rrbnn.jpg
569,receipt,mcocr_public_145014ftydn.jpg
570,receipt,mcocr_public_145014ywmiq.jpg
571,receipt,mcocr_public_145014awmql.jpg
572,receipt,mcocr_public_145014wscvw.jpg
573,receipt,mcocr_public_145014kcbzk.jpg
574,receipt,mcocr_public_145014xvwfa.jpg
575,receipt,mcocr_public_145014epcqx.jpg
576,receipt,mcocr_public_145014gniax.jpg
577,receipt,mcocr_public_145014quwvb.jpg
578,receipt,mcocr_public_145014ziulw.jpg
579,receipt,mcocr_public_145014zsypc.jpg
580,receipt,mcocr_public_145014oorxd.jpg
581,receipt,mcocr_public_145014pgkzd.jpg
582,receipt,mcocr_public_145014zhaaz.jpg
583,receipt,mcocr_public_145014urapv.jpg
584,receipt,mcocr_public_145014dwyzl.jpg
585,receipt,mcocr_public_145014ibokx.jpg
586,receipt,mcocr_public_145014mnwlg.jpg
587,receipt,mcocr_public_145014xajzl.jpg
588,receipt,mcocr_public_145014epafb.jpg
589,receipt,mcocr_public_145014awxdd.jpg
590,receipt,mcocr_public_145014xkqax.jpg
591,receipt,mcocr_public_145014lkccn.jpg
592,receipt,mcocr_public_145014anjdg.jpg
593,receipt,mcocr_public_145014tfbnr.jpg
594,receipt,mcocr_public_145014hcbdo.jpg
595,receipt,mcocr_public_145014bxyhq.jpg
596,receipt,mcocr_public_145014yhorz.jpg
597,receipt,mcocr_public_145014eamas.jpg
598,receipt,mcocr_public_145014zcoyr.jpg
599,receipt,mcocr_public_145014gmvig.jpg
600,receipt,mcocr_public_145014gfgse.jpg
601,receipt,mcocr_public_145014yjrsk.jpg
602,receipt,mcocr_public_145014nazga.jpg
603,receipt,mcocr_public_145014crsgq.jpg
604,receipt,mcocr_public_145014ugdwd.jpg
605,receipt,mcocr_public_145014zbpki.jpg
606,receipt,mcocr_public_145014bqwna.jpg
607,receipt,mcocr_public_145014blxif.jpg
608,receipt,mcocr_public_145014njsyx.jpg
609,receipt,mcocr_public_145014chqzo.jpg
610,receipt,mcocr_public_145014rqund.jpg
611,receipt,mcocr_public_145014sfktp.jpg
612,receipt,mcocr_public_145014zkhdi.jpg
613,receipt,mcocr_public_145014gxgwj.jpg
614,receipt,mcocr_public_145014dkivp.jpg
615,receipt,mcocr_public_145014pudoo.jpg
616,receipt,mcocr_public_145014xpidv.jpg
617,receipt,mcocr_public_145014kbzqa.jpg
618,receipt,mcocr_public_145014nhvqt.jpg
619,receipt,mcocr_public_145014bwuiw.jpg
620,receipt,mcocr_public_145014cryzd.jpg
621,receipt,mcocr_public_145014ychqi.jpg
622,receipt,mcocr_public_145014zgsjb.jpg
623,receipt,mcocr_public_145014yhgfq.jpg
624,receipt,mcocr_public_145014tshzk.jpg
625,receipt,mcocr_public_145014bdeah.jpg
626,receipt,mcocr_public_145014iznli.jpg
627,receipt,mcocr_public_145014vwnco.jpg
628,receipt,mcocr_public_145014tzbvy.jpg
629,receipt,mcocr_public_145014nykks.jpg
630,receipt,mcocr_public_145014dplaq.jpg
631,receipt,mcocr_public_145014pyikk.jpg
632,receipt,mcocr_public_145014ngihg.jpg
633,receipt,mcocr_public_145014udhjy.jpg
634,receipt,mcocr_public_145014xlpvu.jpg
635,receipt,mcocr_public_145014xdscr.jpg
636,receipt,mcocr_public_145014mtdoy.jpg
637,receipt,mcocr_public_145014yqlhe.jpg
638,receipt,mcocr_public_145014jqlcm.jpg
639,receipt,mcocr_public_145014fdjhi.jpg
640,receipt,mcocr_public_145014dllhs.jpg
641,receipt,mcocr_public_145014ftvdj.jpg
642,receipt,mcocr_public_145014xinpg.jpg
643,receipt,mcocr_public_145014vaxiy.jpg
644,receipt,mcocr_public_145014vymtd.jpg
645,receipt,mcocr_public_145014auskb.jpg
646,receipt,mcocr_public_145014omzxy.jpg
647,receipt,mcocr_public_145014beisj.jpg
648,receipt,mcocr_public_145014wbnwu.jpg
649,receipt,mcocr_public_145014uimoq.jpg
650,receipt,mcocr_public_145014dypib.jpg
651,receipt,mcocr_public_145014gqaum.jpg
652,receipt,mcocr_public_145014yiovk.jpg
653,receipt,mcocr_public_145014acbrl.jpg
654,receipt,mcocr_public_145014sftbp.jpg
655,receipt,mcocr_public_145014rppvz.jpg
656,receipt,mcocr_public_145014muozt.jpg
657,receipt,mcocr_public_145014bphyw.jpg
658,receipt,mcocr_public_145014vpysr.jpg
659,receipt,mcocr_public_145014qxkke.jpg
660,receipt,mcocr_public_145014phbcu.jpg
661,receipt,mcocr_public_145014tecsd.jpg
662,receipt,mcocr_public_145014nssmi.jpg
663,receipt,mcocr_public_145014kpsgk.jpg
664,receipt,mcocr_public_145014xooen.jpg
665,receipt,mcocr_public_145014slmit.jpg
666,receipt,mcocr_public_145014ebdtm.jpg
667,receipt,mcocr_public_145014drgcr.jpg
668,receipt,mcocr_public_145014imqdy.jpg
669,receipt,mcocr_public_145014qlemc.jpg
670,receipt,mcocr_public_145014vhiaa.jpg
671,receipt,mcocr_public_145014qojtz.jpg
672,receipt,mcocr_public_145014pomqp.jpg
673,receipt,mcocr_public_145014whgiz.jpg
674,receipt,mcocr_public_145014bnscr.jpg
675,receipt,mcocr_public_145014tvfga.jpg
676,receipt,mcocr_public_145014onrob.jpg
677,receipt,mcocr_public_145014eyfwj.jpg
678,receipt,mcocr_public_145014csmbn.jpg
679,receipt,mcocr_public_145014lkoul.jpg
680,receipt,mcocr_public_145014euhfv.jpg
681,receipt,mcocr_public_145014bqpcb.jpg
682,receipt,mcocr_public_145014howdt.jpg
683,receipt,mcocr_public_145014ttaic.jpg
684,receipt,mcocr_public_145014nccit.jpg
685,receipt,mcocr_public_145014edoty.jpg
686,receipt,mcocr_public_145014fdlxd.jpg
687,receipt,mcocr_public_145014abbay.jpg
688,receipt,mcocr_public_145014niegm.jpg
689,receipt,mcocr_public_145014gmjkd.jpg
690,receipt,mcocr_public_145014yngbg.jpg
691,receipt,mcocr_public_145014uxlol.jpg
692,receipt,mcocr_public_145014ogron.jpg
693,receipt,mcocr_public_145014uabqc.jpg
694,receipt,mcocr_public_145014lwhgn.jpg
695,receipt,mcocr_public_145014avuac.jpg
696,receipt,mcocr_public_145014wejxq.jpg
697,receipt,mcocr_public_145014emepc.jpg
698,receipt,mcocr_public_145014gcszj.jpg
699,receipt,mcocr_public_145014znijb.jpg
700,receipt,mcocr_public_145014dspwj.jpg
701,receipt,mcocr_public_145014clbzb.jpg
702,receipt,mcocr_public_145014kuxpu.jpg
703,receipt,mcocr_public_145014uilrh.jpg
704,receipt,mcocr_public_145014tkpbp.jpg
705,receipt,mcocr_public_145014rpcdh.jpg
706,receipt,mcocr_public_145014xhzbt.jpg
707,receipt,mcocr_public_145014mpsud.jpg
708,receipt,mcocr_public_145014wwevk.jpg
709,receipt,mcocr_public_145014nasdz.jpg
710,receipt,mcocr_public_145014smasw.jpg
711,receipt,mcocr_public_145014qaueg.jpg
712,receipt,mcocr_public_145014ukewl.jpg
713,receipt,mcocr_public_145014zncnq.jpg
714,receipt,mcocr_public_145014hyfyd.jpg
715,receipt,mcocr_public_145014dxqop.jpg
716,receipt,mcocr_public_145014seogk.jpg
717,receipt,mcocr_public_145014tfdcx.jpg
718,receipt,mcocr_public_145014mprun.jpg
719,receipt,mcocr_public_145014xyqra.jpg
720,receipt,mcocr_public_145014rfvhh.jpg
721,receipt,mcocr_public_145014ahsfe.jpg
722,receipt,mcocr_public_145014rtorl.jpg
723,receipt,mcocr_public_145014ompih.jpg
724,receipt,mcocr_public_145014jxwwm.jpg
725,receipt,mcocr_public_145014wvmqh.jpg
726,receipt,mcocr_public_145014kzoxh.jpg
727,receipt,mcocr_public_145014ywhyw.jpg
728,receipt,mcocr_public_145014nuiop.jpg
729,receipt,mcocr_public_145014gcmnd.jpg
730,receipt,mcocr_public_145014irdem.jpg
731,receipt,mcocr_public_145014bznim.jpg
732,receipt,mcocr_public_145014wymgj.jpg
733,receipt,mcocr_public_145014cmghn.jpg
734,receipt,mcocr_public_145014btewf.jpg
735,receipt,mcocr_public_145014edrhv.jpg
736,receipt,mcocr_public_145014fghbc.jpg
737,receipt,mcocr_public_145014klkcx.jpg
738,receipt,mcocr_public_145014kfgle.jpg
739,receipt,mcocr_public_145014wzcxq.jpg
740,receipt,mcocr_public_145014ojudj.jpg
741,receipt,mcocr_public_145014gylsk.jpg
742,receipt,mcocr_public_145014mspcw.jpg
743,receipt,mcocr_public_145014bcbgu.jpg
744,receipt,mcocr_public_145014jizcq.jpg
745,receipt,mcocr_public_145014dqjen.jpg
746,receipt,mcocr_public_145014ypjsx.jpg
747,receipt,mcocr_public_145014fvjus.jpg
748,receipt,mcocr_public_145014wnpbo.jpg
749,receipt,mcocr_public_145014aclha.jpg
750,receipt,mcocr_public_145014pfcua.jpg
751,receipt,mcocr_public_145014mjzwg.jpg
752,receipt,mcocr_public_145014lbzhz.jpg
753,receipt,mcocr_public_145014jkegi.jpg
754,receipt,mcocr_public_145014bymkd.jpg
755,receipt,mcocr_public_145014nrlra.jpg
756,receipt,mcocr_public_145014gvuhh.jpg
757,receipt,mcocr_public_145014jhuyg.jpg
758,receipt,mcocr_public_145014nwpjb.jpg
759,receipt,mcocr_public_145014qifdw.jpg
760,receipt,mcocr_public_145014sabav.jpg
761,receipt,mcocr_public_145014vfape.jpg
762,receipt,mcocr_public_145014qgcwi.jpg
763,receipt,mcocr_public_145014khqqq.jpg
764,receipt,mcocr_public_145014etdhs.jpg
765,receipt,mcocr_public_145014tsvjp.jpg
766,receipt,mcocr_public_145014zfite.jpg
767,receipt,mcocr_public_145014ekshr.jpg
768,receipt,mcocr_public_145014zqryn.jpg
769,receipt,mcocr_public_145014qozsl.jpg
770,receipt,mcocr_public_145014xpuhm.jpg
771,receipt,mcocr_public_145014mmnhi.jpg
772,receipt,mcocr_public_145014wywkr.jpg
773,receipt,mcocr_public_145014euevz.jpg
774,receipt,mcocr_public_145014mdhan.jpg
775,receipt,mcocr_public_145014ivlka.jpg
776,receipt,mcocr_public_145014yworm.jpg
777,receipt,mcocr_public_145014ocyhh.jpg
778,receipt,mcocr_public_145014lqzdv.jpg
779,receipt,mcocr_public_145014cgzmv.jpg
780,receipt,mcocr_public_145014ghnst.jpg
781,receipt,mcocr_public_145014plbzo.jpg
782,receipt,mcocr_public_145014tpwuk.jpg
783,receipt,mcocr_public_145014owowx.jpg
784,receipt,mcocr_public_145014slzwi.jpg
785,receipt,mcocr_public_145014ancat.jpg
786,receipt,mcocr_public_145014kbcho.jpg
787,receipt,mcocr_public_145014zoebw.jpg
788,receipt,mcocr_public_145014jgrti.jpg
789,receipt,mcocr_public_145014yibwb.jpg
790,receipt,mcocr_public_145014evdcm.jpg
791,receipt,mcocr_public_145014wgbsx.jpg
792,receipt,mcocr_public_145014rvbhf.jpg
793,receipt,mcocr_public_145014pstow.jpg
794,receipt,mcocr_public_145014skpym.jpg
795,receipt,mcocr_public_145014etnjz.jpg
796,receipt,mcocr_public_145014ivclx.jpg
797,receipt,mcocr_public_145014xxdnm.jpg
798,receipt,mcocr_public_145014gqqnf.jpg
799,receipt,mcocr_public_145014wjhib.jpg
800,receipt,mcocr_public_145014qyfft.jpg
801,receipt,mcocr_public_145014hpikq.jpg
802,receipt,mcocr_public_145014voijl.jpg
803,receipt,mcocr_public_145014ksyep.jpg
804,receipt,mcocr_public_145014iwujb.jpg
805,receipt,mcocr_public_145014xfcbh.jpg
806,receipt,mcocr_public_145014tbhtz.jpg
807,receipt,mcocr_public_145014btqny.jpg
808,receipt,mcocr_public_145014eercq.jpg
809,receipt,mcocr_public_145014mjhvf.jpg
810,receipt,mcocr_public_145014yxiox.jpg
811,receipt,mcocr_public_145014evoja.jpg
812,receipt,mcocr_public_145014ysbpa.jpg
813,receipt,mcocr_public_145014jggjq.jpg
814,receipt,mcocr_public_145014qofcz.jpg
815,receipt,mcocr_public_145014jqtcw.jpg
816,receipt,mcocr_public_145014cwifi.jpg
817,receipt,mcocr_public_145014xbkfz.jpg
818,receipt,mcocr_public_145014jxscx.jpg
819,receipt,mcocr_public_145014czicu.jpg
820,receipt,mcocr_public_145014buspt.jpg
821,receipt,mcocr_public_145014zsgzm.jpg
822,receipt,mcocr_public_145014uqaia.jpg
823,receipt,mcocr_public_145014xozig.jpg
824,receipt,mcocr_public_145014motth.jpg
825,receipt,mcocr_public_145014vnfrc.jpg
826,receipt,mcocr_public_145014enxgn.jpg
827,receipt,mcocr_public_145014depsq.jpg
828,receipt,mcocr_public_145014xsefn.jpg
829,receipt,mcocr_public_145014jbchc.jpg
830,receipt,mcocr_public_145014umwey.jpg
831,receipt,mcocr_public_145014bfwhz.jpg
832,receipt,mcocr_public_145014ufyxi.jpg
833,receipt,mcocr_public_145014xzqlh.jpg
834,receipt,mcocr_public_145014zckhw.jpg
835,receipt,mcocr_public_145014erruh.jpg
836,receipt,mcocr_public_145014vvmgm.jpg
837,receipt,mcocr_public_145014bfesf.jpg
838,receipt,mcocr_public_145014onmxs.jpg
839,receipt,mcocr_public_145014hjsxj.jpg
840,receipt,mcocr_public_145014ltjcp.jpg
841,receipt,mcocr_public_145014igwbv.jpg
842,receipt,mcocr_public_145014idfgg.jpg
843,receipt,mcocr_public_145014bbnco.jpg
844,receipt,mcocr_public_145014wgexm.jpg
845,receipt,mcocr_public_145014mghmv.jpg
846,receipt,mcocr_public_145014qoaez.jpg
847,receipt,mcocr_public_145014ocmco.jpg
848,receipt,mcocr_public_145014qmicf.jpg
849,receipt,mcocr_public_145014sfcjb.jpg
850,receipt,mcocr_public_145014ofdxo.jpg
851,receipt,mcocr_public_145014toiko.jpg
852,receipt,mcocr_public_145014otrlb.jpg
853,receipt,mcocr_public_145014cmcvj.jpg
854,receipt,mcocr_public_145014epvwk.jpg
855,receipt,mcocr_public_145014iksot.jpg
856,receipt,mcocr_public_145014oxghl.jpg
857,receipt,mcocr_public_145014pkgap.jpg
858,receipt,mcocr_public_145014keyfh.jpg
859,receipt,mcocr_public_145014pjtlz.jpg
860,receipt,mcocr_public_145014nuhli.jpg
861,receipt,mcocr_public_145014huitj.jpg
862,receipt,mcocr_public_145014dkmtx.jpg
863,receipt,mcocr_public_145014hpkhf.jpg
864,receipt,mcocr_public_145014rwzyq.jpg
865,receipt,mcocr_public_145014xcxaw.jpg
866,receipt,mcocr_public_145014ubcjg.jpg
867,receipt,mcocr_public_145014zstox.jpg
868,receipt,mcocr_public_145014pzlbd.jpg
869,receipt,mcocr_public_145014ssrmo.jpg
870,receipt,mcocr_public_145014diuoj.jpg
871,receipt,mcocr_public_145014vdyar.jpg
872,receipt,mcocr_public_145014lijow.jpg
873,receipt,mcocr_public_145014ajgaf.jpg
874,receipt,mcocr_public_145014ubwmd.jpg
875,receipt,mcocr_public_145014qcume.jpg
876,receipt,mcocr_public_145014jlxnp.jpg
877,receipt,mcocr_public_145014ubmpt.jpg
878,receipt,mcocr_public_145014epano.jpg
879,receipt,mcocr_public_145014jqbse.jpg
880,receipt,mcocr_public_145014vjvjt.jpg
881,receipt,mcocr_public_145014kvtrh.jpg
882,receipt,mcocr_public_145014npyol.jpg
883,receipt,mcocr_public_145014fxqlw.jpg
884,receipt,mcocr_public_145014jpdxp.jpg
885,receipt,mcocr_public_145014cmafd.jpg
886,receipt,mcocr_public_145014futkh.jpg
887,receipt,mcocr_public_145014xdscy.jpg
888,receipt,mcocr_public_145014emexr.jpg
889,receipt,mcocr_public_145014yjdpq.jpg
890,receipt,mcocr_public_145014jvwce.jpg
891,receipt,mcocr_public_145014xglvf.jpg
892,receipt,mcocr_public_145014gqlrt.jpg
893,receipt,mcocr_public_145014xnezl.jpg
894,receipt,mcocr_public_145014lqokm.jpg
895,receipt,mcocr_public_145014jiwoe.jpg
896,receipt,mcocr_public_145014vitnu.jpg
897,receipt,mcocr_public_145014dxvde.jpg
898,receipt,mcocr_public_145014hxpcf.jpg
899,receipt,mcocr_public_145014xwajt.jpg
900,receipt,mcocr_public_145014fhimy.jpg
901,receipt,mcocr_public_145014ewmyb.jpg
902,receipt,mcocr_public_145014qwikh.jpg
903,receipt,mcocr_public_145014kscfa.jpg
904,receipt,mcocr_public_145014zjcdx.jpg
905,receipt,mcocr_public_145014rijtj.jpg
906,receipt,mcocr_public_145014rdcoj.jpg
907,receipt,mcocr_public_145014bpohg.jpg
908,receipt,mcocr_public_145014ptuuq.jpg
909,receipt,mcocr_public_145014sncle.jpg
910,receipt,mcocr_public_145014ybclw.jpg
911,receipt,mcocr_public_145014phuqi.jpg
912,receipt,mcocr_public_145014rczsi.jpg
913,receipt,mcocr_public_145014wxpyg.jpg
914,receipt,mcocr_public_145014ezyfv.jpg
915,receipt,mcocr_public_145014vrbsr.jpg
916,receipt,mcocr_public_145014tnnoi.jpg
917,receipt,mcocr_public_145014zqocc.jpg
918,receipt,mcocr_public_145014ejeba.jpg
919,receipt,mcocr_public_145014snrrj.jpg
920,receipt,mcocr_public_145014bqglf.jpg
921,receipt,mcocr_public_145014oiwct.jpg
922,receipt,mcocr_public_145014uwjom.jpg
923,receipt,mcocr_public_145014fhfxn.jpg
924,receipt,mcocr_public_145014dhkqp.jpg
925,receipt,mcocr_public_145014idsgm.jpg
926,receipt,mcocr_public_145014pyhgf.jpg
927,receipt,mcocr_public_145014ayhsu.jpg
928,receipt,mcocr_public_145014htnck.jpg
929,receipt,mcocr_public_145014mxrld.jpg
930,receipt,mcocr_public_145014ckynq.jpg
931,receipt,mcocr_public_145014ajgqu.jpg
932,receipt,mcocr_public_145014fcvez.jpg
933,receipt,mcocr_public_145014ktane.jpg
934,receipt,mcocr_public_145014pcsfj.jpg
935,receipt,mcocr_public_145014xxiyx.jpg
936,receipt,mcocr_public_145014shwyh.jpg
937,receipt,mcocr_public_145014yivlq.jpg
938,receipt,mcocr_public_145014khxoz.jpg
939,receipt,mcocr_public_145014huwgv.jpg
940,receipt,mcocr_public_145014zsdex.jpg
941,receipt,mcocr_public_145014bjahl.jpg
942,receipt,mcocr_public_145014plodi.jpg
943,receipt,mcocr_public_145014kolbk.jpg
944,receipt,mcocr_public_145014foulc.jpg
945,receipt,mcocr_public_145014emeev.jpg
946,receipt,mcocr_public_145014evqra.jpg
947,receipt,mcocr_public_145014fegvz.jpg
948,receipt,mcocr_public_145014rxymg.jpg
949,receipt,mcocr_public_145014okszg.jpg
950,receipt,mcocr_public_145014eeksl.jpg
951,receipt,mcocr_public_145014owkmp.jpg
952,receipt,mcocr_public_145014gkduf.jpg
953,receipt,mcocr_public_145014mcvls.jpg
954,receipt,mcocr_public_145014jixhn.jpg
955,receipt,mcocr_public_145014klyxi.jpg
956,receipt,mcocr_public_145014ejgcd.jpg
957,receipt,mcocr_public_145014edwpt.jpg
958,receipt,mcocr_public_145014oogiy.jpg
959,receipt,mcocr_public_145014pxnrk.jpg
960,receipt,mcocr_public_145014sgzjh.jpg
961,receipt,mcocr_public_145014mzrbm.jpg
962,receipt,mcocr_public_145014pwhor.jpg
963,receipt,mcocr_public_145014vjcbu.jpg
964,receipt,mcocr_public_145014vauus.jpg
965,receipt,mcocr_public_145014tckwp.jpg
966,receipt,mcocr_public_145014kdvhb.jpg
967,receipt,mcocr_public_145014jakjq.jpg
968,receipt,mcocr_public_145014exzpp.jpg
969,receipt,mcocr_public_145014zvrla.jpg
970,receipt,mcocr_public_145014qmagv.jpg
971,receipt,mcocr_public_145014lpghh.jpg
972,receipt,mcocr_public_145014iriei.jpg
973,receipt,mcocr_public_145014uvxyx.jpg
974,receipt,mcocr_public_145014jkafe.jpg
975,receipt,mcocr_public_145014sydpm.jpg
976,receipt,mcocr_public_145014mmuxs.jpg
977,receipt,mcocr_public_145014gobol.jpg
978,receipt,mcocr_public_145014lwxal.jpg
979,receipt,mcocr_public_145014yltna.jpg
980,receipt,mcocr_public_145014mbvkd.jpg
981,receipt,mcocr_public_145014hmdtg.jpg
982,receipt,mcocr_public_145014foimu.jpg
983,receipt,mcocr_public_145014vfxry.jpg
984,receipt,mcocr_public_145014fltno.jpg
985,receipt,mcocr_public_145014lwrxk.jpg
986,receipt,mcocr_public_145014ajita.jpg
987,receipt,mcocr_public_145014irdab.jpg
988,receipt,mcocr_public_145014urzox.jpg
989,receipt,mcocr_public_145014ojewe.jpg
990,receipt,mcocr_public_145014aqymg.jpg
991,receipt,mcocr_public_145014yfnqu.jpg
992,receipt,mcocr_public_145014gkruw.jpg
993,receipt,mcocr_public_145014kvcfd.jpg
994,receipt,mcocr_public_145014tugre.jpg
995,receipt,mcocr_public_145014hxoeu.jpg
996,receipt,mcocr_public_145014dkbzw.jpg
997,receipt,mcocr_public_145014rsbuj.jpg
998,receipt,mcocr_public_145014ofqlt.jpg
999,receipt,mcocr_public_145014yccar.jpg
1000,receipt,mcocr_public_145014eabnk.jpg
1001,receipt,mcocr_public_145014rshbs.jpg
1002,receipt,mcocr_public_145014twoee.jpg
1003,receipt,mcocr_public_145014nircs.jpg
1004,receipt,mcocr_public_145014mikss.jpg
1005,receipt,mcocr_public_145014fhmjg.jpg
1006,receipt,mcocr_public_145014qbucx.jpg
1007,receipt,mcocr_public_145014gobum.jpg
1008,receipt,mcocr_public_145014hxlhz.jpg
1009,receipt,mcocr_public_145014upass.jpg
1010,receipt,mcocr_public_145014nrger.jpg
1011,receipt,mcocr_public_145014rkuyh.jpg
1012,receipt,mcocr_public_145014gwllr.jpg
1013,receipt,mcocr_public_145014uavtd.jpg
1014,receipt,mcocr_public_145014hcsva.jpg
1015,receipt,mcocr_public_145014ghudu.jpg
1016,receipt,mcocr_public_145014mgcfg.jpg
1017,receipt,mcocr_public_145014ycgki.jpg
1018,receipt,mcocr_public_145014wgjvg.jpg
1019,receipt,mcocr_public_145014rpmsm.jpg
1020,receipt,mcocr_public_145014ihyqu.jpg
1021,receipt,mcocr_public_145014miwkj.jpg
1022,receipt,mcocr_public_145014qajwu.jpg
1023,receipt,mcocr_public_145014rotwn.jpg
1024,receipt,mcocr_public_145014zmplv.jpg
1025,receipt,mcocr_public_145014vxrob.jpg
1026,receipt,mcocr_public_145014mntfs.jpg
1027,receipt,mcocr_public_145014neytd.jpg
1028,receipt,mcocr_public_145014ozfbe.jpg
1029,receipt,mcocr_public_145014vkdhy.jpg
1030,receipt,mcocr_public_145014fvrpp.jpg
1031,receipt,mcocr_public_145014zqkgu.jpg
1032,receipt,mcocr_public_145014jfncf.jpg
1033,receipt,mcocr_public_145014cgbau.jpg
1034,receipt,mcocr_public_145014yfexx.jpg
1035,receipt,mcocr_public_145014mpahy.jpg
1036,receipt,mcocr_public_145014sxfmn.jpg
1037,receipt,mcocr_public_145014ooznt.jpg
1038,receipt,mcocr_public_145014zwyas.jpg
1039,receipt,mcocr_public_145014wmjil.jpg
1040,receipt,mcocr_public_145014heqey.jpg
1041,receipt,mcocr_public_145014oaduc.jpg
1042,receipt,mcocr_public_145014ykqth.jpg
1043,receipt,mcocr_public_145014cwfup.jpg
1044,receipt,mcocr_public_145014ihdjg.jpg
1045,receipt,mcocr_public_145014elolx.jpg
1046,receipt,mcocr_public_145014ehtue.jpg
1047,receipt,mcocr_public_145014ftgca.jpg
1048,receipt,mcocr_public_145014wdhcw.jpg
1049,receipt,mcocr_public_145014qmchf.jpg
1050,receipt,mcocr_public_145014kvqte.jpg
1051,receipt,mcocr_public_145014imncc.jpg
1052,receipt,mcocr_public_145014idiie.jpg
1053,receipt,mcocr_public_145014ymhqd.jpg
1054,receipt,mcocr_public_145014hdquz.jpg
1055,receipt,mcocr_public_145014mppzy.jpg
1056,receipt,mcocr_public_145014fkqug.jpg
1057,receipt,mcocr_public_145014cfgdh.jpg
1058,receipt,mcocr_public_145014zrswr.jpg
1059,receipt,mcocr_public_145014dqrls.jpg
1060,receipt,mcocr_public_145014rsxlc.jpg
1061,receipt,mcocr_public_145014atzjl.jpg
1062,receipt,mcocr_public_145014tkueb.jpg
1063,receipt,mcocr_public_145014okiuq.jpg
1064,receipt,mcocr_public_145014tiglg.jpg
1065,receipt,mcocr_public_145014cuqln.jpg
1066,receipt,mcocr_public_145014lohnm.jpg
1067,receipt,mcocr_public_145014zstut.jpg
1068,receipt,mcocr_public_145014lxhnj.jpg
1069,receipt,mcocr_public_145014lfihs.jpg
1070,receipt,mcocr_public_145014nukhy.jpg
1071,receipt,mcocr_public_145014iidaa.jpg
1072,receipt,mcocr_public_145014kgyki.jpg
1073,receipt,mcocr_public_145014bwelu.jpg
1074,receipt,mcocr_public_145014ikozz.jpg
1075,receipt,mcocr_public_145014pdqkk.jpg
1076,receipt,mcocr_public_145014etxsp.jpg
1077,receipt,mcocr_public_145014scxqk.jpg
1078,receipt,mcocr_public_145014xjfxx.jpg
1079,receipt,mcocr_public_145014bvfay.jpg
1080,receipt,mcocr_public_145014nbtki.jpg
1081,receipt,mcocr_public_145014nxuwg.jpg
1082,receipt,mcocr_public_145014xxqwv.jpg
1083,receipt,mcocr_public_145014rvwat.jpg
1084,receipt,mcocr_public_145014dcpkd.jpg
1085,receipt,mcocr_public_145014gndox.jpg
1086,receipt,mcocr_public_145014nqpwx.jpg
1087,receipt,mcocr_public_145014qcesc.jpg
1088,receipt,mcocr_public_145014xqbce.jpg
1089,receipt,mcocr_public_145014gcycl.jpg
1090,receipt,mcocr_public_145014qawzo.jpg
1091,receipt,mcocr_public_145014owdgs.jpg
1092,receipt,mcocr_public_145014zppme.jpg
1093,receipt,mcocr_public_145014okzcs.jpg
1094,receipt,mcocr_public_145014divcp.jpg
1095,receipt,mcocr_public_145014pmuou.jpg
1096,receipt,mcocr_public_145014tmkco.jpg
1097,receipt,mcocr_public_145014fvwak.jpg
1098,receipt,mcocr_public_145014vnsjq.jpg
1099,receipt,mcocr_public_145014fsrkz.jpg
1100,receipt,mcocr_public_145014aqeur.jpg
1101,receipt,mcocr_public_145014gsbke.jpg
1102,receipt,mcocr_public_145014llqzl.jpg
1103,receipt,mcocr_public_145014zoocd.jpg
1104,receipt,mcocr_public_145014ryyyw.jpg
1105,receipt,mcocr_public_145014ftlgi.jpg
1106,receipt,mcocr_public_145014btidj.jpg
1107,receipt,mcocr_public_145014yxijr.jpg
1108,receipt,mcocr_public_145014unbru.jpg
1109,receipt,mcocr_public_145014nzgjm.jpg
1110,receipt,mcocr_public_145014ttrrd.jpg
1111,receipt,mcocr_public_145014swnex.jpg
1112,receipt,mcocr_public_145014avkgm.jpg
1113,receipt,mcocr_public_145014cbbmj.jpg
1114,receipt,mcocr_public_145014rnzgt.jpg
1115,receipt,mcocr_public_145014skzzh.jpg
1116,receipt,mcocr_public_145014wxzpz.jpg
1117,receipt,mcocr_public_145014pfjsu.jpg
1118,receipt,mcocr_public_145014yaivb.jpg
1119,receipt,mcocr_public_145014ruiqd.jpg
1120,receipt,mcocr_public_145014tihfn.jpg
1121,receipt,mcocr_public_145014lbrqe.jpg
1122,receipt,mcocr_public_145014lqgzd.jpg
1123,receipt,mcocr_public_145014yryue.jpg
1124,receipt,mcocr_public_145014qbdep.jpg
1125,receipt,mcocr_public_145014kogop.jpg
1126,receipt,mcocr_public_145014mthgu.jpg
1127,receipt,mcocr_public_145014uevcn.jpg
1128,receipt,mcocr_public_145014mzlbz.jpg
1129,receipt,mcocr_public_145014egqdh.jpg
1130,receipt,mcocr_public_145014haprd.jpg
1131,receipt,mcocr_public_145014lisam.jpg
1132,receipt,mcocr_public_145014ybodg.jpg
1133,receipt,mcocr_public_145014awmyq.jpg
1134,receipt,mcocr_public_145014wbtei.jpg
1135,receipt,mcocr_public_145014rrfit.jpg
1136,receipt,mcocr_public_145014cftxo.jpg
1137,receipt,mcocr_public_145014cnphh.jpg
1138,receipt,mcocr_public_145014vtyrp.jpg
1139,receipt,mcocr_public_145014kljgu.jpg
1140,receipt,mcocr_public_145014aglyp.jpg
1141,receipt,mcocr_public_145014vpjby.jpg
1142,receipt,mcocr_public_145014wowmj.jpg
1143,receipt,mcocr_public_145014aprcw.jpg
1144,receipt,mcocr_public_145014msalk.jpg
1145,receipt,mcocr_public_145014cpzwm.jpg
1146,receipt,mcocr_public_145014qikqz.jpg
1147,receipt,mcocr_public_145014dhito.jpg
1148,receipt,mcocr_public_145014bokrq.jpg
1149,receipt,mcocr_public_145014ectxq.jpg
1150,receipt,mcocr_public_145014xyzwl.jpg
1151,receipt,mcocr_public_145014xmngo.jpg